{"cameraMode":{"drawMode":0,"name":"Shaded","section":"Shading Mode"},"sceneLighting":true,"audioPlay":false,"sceneViewState":{"showFog":true,"showMaterialUpdate":false,"showSkybox":true,"showFlares":true,"showImageEffects":true,"showParticleSystems":true,"showVisualEffectGraphs":true,"m_FxEnabled":true},"in2DMode":false,"pivot":{"x":-0.03445756435394287,"y":-45.31487274169922,"z":100.77715301513672},"rotation":{"x":0.2219397872686386,"y":-0.00731744384393096,"z":0.001665706280618906,"w":0.9750327467918396},"size":64.10931396484375,"orthographic":false}