{"cameraMode":{"drawMode":0,"name":"Shaded","section":"Shading Mode"},"sceneLighting":true,"audioPlay":false,"sceneViewState":{"showFog":true,"showMaterialUpdate":false,"showSkybox":true,"showFlares":true,"showImageEffects":true,"showParticleSystems":true,"showVisualEffectGraphs":true,"m_FxEnabled":true},"in2DMode":false,"pivot":{"x":-1.6842446327209473,"y":1.9566657543182374,"z":-1.3574676513671876},"rotation":{"x":0.06458228826522827,"y":0.9333394765853882,"z":-0.21539649367332459,"w":0.27984336018562319},"size":4.294482707977295,"orthographic":false}