{"cameraMode":{"drawMode":0,"name":"Shaded","section":"Shading Mode"},"sceneLighting":true,"audioPlay":false,"sceneViewState":{"showFog":true,"showMaterialUpdate":false,"showSkybox":true,"showFlares":true,"showImageEffects":true,"showParticleSystems":true,"showVisualEffectGraphs":true,"m_FxEnabled":true},"in2DMode":false,"pivot":{"x":-44.434837341308597,"y":1.4702844619750977,"z":187.47544860839845},"rotation":{"x":-0.07421903312206269,"y":0.6328951120376587,"z":-0.06114295870065689,"w":-0.7682451009750366},"size":0.9402222037315369,"orthographic":false}